feature,pearson,spearman,p_value,abs_r
Dif_gauss_total,0.43410656079642035,0.44300466067912464,1.209107058811865e-10,0.43410656079642035
gauss_total_7F,-0.3970283388011697,-0.38613363454243627,5.367058728766255e-09,0.3970283388011697
Rel_hydrophobic_total,0.38892989966553665,0.40988256816488183,1.157350371697001e-08,0.38892989966553665
Dif_hydrophobic_total,0.3879654153907386,0.4128958180775694,1.2665239309561415e-08,0.3879654153907386
Dif_num_favorable_atoms,-0.37659916198398613,-0.37957050027378364,3.585667468371938e-08,0.37659916198398613
Rel_gauss_total,0.36336191017051406,0.3835646837459227,1.1469612001043899e-07,0.36336191017051406
CNN affinity_7F,0.34807767283557034,0.36612448764849786,4.1204174656213406e-07,0.34807767283557034
num_favorable_atoms_7F,0.3368063542132003,0.3284385404310885,1.014172994388377e-06,0.3368063542132003
Rel_num_favorable_atoms,-0.31938256629410744,-0.3094713180293438,3.8115287986346753e-06,0.31938256629410744
hydrophobic_total_7F,-0.307172510403637,-0.32188325103861165,9.187252179008322e-06,0.307172510403637
Rel_max_repulsion,-0.2215919951439387,-0.236838042511728,0.0015700662287122425,0.2215919951439387
Rel_W371_chi1_cos,-0.21550239886557837,-0.1878724086100162,0.002123442438877328,0.21550239886557837
CNN affinity_8Y,0.20805991861340592,0.2991761612314335,0.0030380120584624524,0.20805991861340592
W110_chi2_7F,-0.19477510547389768,-0.19356885067993632,0.005592248341338424,0.19477510547389768
Rel_hbond_total,0.1932206504717111,0.1682985154873398,0.005991661959837391,0.1932206504717111
W110_shift_7F,0.19154610702223426,0.1239690638759577,0.006450299174713956,0.19154610702223426
Dif_max_repulsion,-0.19051209556969584,-0.24084560575428918,0.006748917120024276,0.19051209556969584
Dif_hbond_total,0.18791387552620892,0.1568878446917328,0.007554380408380756,0.18791387552620892
R132_D131_min_dist_7F,0.18404779442540758,0.17228086344515425,0.008911393080219295,0.18404779442540758
Dif_intamol,-0.17960463366735963,-0.24179033893775542,0.010734216168920098,0.17960463366735963
max_repulsion_7F,0.17519482763775174,0.23102814774631786,0.01286103776632732,0.17519482763775174
intramol_7F,0.16823045405628528,0.21909500371619697,0.016975292379452667,0.16823045405628528
hbond_total_8Y,0.16124162404941483,0.12165426271554856,0.022212118070318827,0.16124162404941483
Rel_W371_chi2_cos,0.15490197033335215,0.15260528777631727,0.02811429164357196,0.15490197033335215
Rel_D114_lig_min_dist,0.151192542557674,0.1193323849131568,0.032154295141067366,0.151192542557674
Rel_Y91_lig_min_dist,0.15025610474337367,0.11963474487740833,0.033248954979238264,0.15025610474337367
W110_chi1_7F,0.1432296701650828,0.15663539618261565,0.042515670161292325,0.1432296701650828
Dif_D114_lig_min_dist,0.13791266599942464,0.10050031222527576,0.050891378798068994,0.13791266599942464
Dif_F367_chi1,-0.1375315699439726,0.08602194020695957,0.05154102438437195,0.1375315699439726
F367_chi1_7F,0.1375315699439726,-0.08602194020695957,0.05154102438437195,0.1375315699439726
num_favorable_atoms_8Y,-0.13302471178087794,-0.15492167774151985,0.05975952245599405,0.13302471178087794
W371_shift_7F,-0.13277277743005392,-0.008000344112444177,0.06024908553591604,0.13277277743005392
Dif_num_clash_atoms,-0.1306228438400318,-0.14430551909535105,0.06456250916724281,0.1306228438400318
Dif_cnn_affinity,-0.13043665593919246,-0.0749055133807304,0.06494766801538673,0.13043665593919246
num_clash_atoms_8Y,-0.12739226926941272,-0.12528317560870847,0.07151666673154965,0.12739226926941272
Affinity_8Y,0.125226024551141,0.15648814999386088,0.07651220363875065,0.125226024551141
Dif_W371_shift,0.12506240363612792,-0.028908273941544316,0.0769007197196786,0.12506240363612792
D114_lig_min_dist_7F,-0.1238678846623763,-0.07552271781900129,0.07978567718475497,0.1238678846623763
Dif_Y115_lig_min_dist,0.12337090866368043,0.06638242784832682,0.08101138995830244,0.12337090866368043
CNN score pose_8Y,-0.12221970886640338,-0.1254537889259551,0.08390894991128389,0.12221970886640338
W371_chi1_7F,0.12068305299329522,0.05098879204470442,0.08790581692576384,0.12068305299329522
W371_shift_8Y,-0.11991703235565569,-0.1508140452497123,0.08995440381135791,0.11991703235565569
hbond_total_7F,-0.11768559963752337,-0.09264108735691139,0.09613994477772543,0.11768559963752337
Rel_num_clash_atoms,-0.11496334021129778,-0.1412365292964943,0.10413824721523883,0.11496334021129778
Dif_Y91_lig_min_dist,0.11366490270540124,0.08026732967857655,0.10813360904697453,0.11366490270540124
Rel_F398_chi2_sin,0.11247208538604654,0.11252595901862433,0.11190917496201944,0.11247208538604654
Rel_W110_chi2_sin,0.11246942504712766,0.1489821430702128,0.11191770947203754,0.11246942504712766
Dif_W110_chi2,0.11160092563619889,0.1489821430702128,0.11473124133097379,0.11160092563619889
Y374_shift_8Y,-0.1098443254430734,-0.04551297054585489,0.12059035064920551,0.1098443254430734
Y91_lig_min_dist_7F,-0.10881708082080765,-0.10588069320283715,0.12412287579814059,0.10881708082080765
CNN score pose_7F,-0.1064487014205704,-0.12416843379354892,0.13257233680341335,0.1064487014205704
Rel_Y115_chi1_cos,-0.1060412716848591,-0.05367815431570613,0.1340694353851033,0.1060412716848591
max_repulsion_8Y,-0.10440691283698245,0.01871157226203018,0.1402055775337126,0.10440691283698245
Rel_W371_shift,0.10291395089527822,-0.03943320990987918,0.14599614017498408,0.10291395089527822
Rel_Y91_chi1_sin,0.10222562356123564,0.24104722053491318,0.14872628130934223,0.10222562356123564
Dif_W371_chi1,-0.10069399227201949,0.019379912060659473,0.154939847509809,0.10069399227201949
R132_D131_min_dist_8Y,0.1001698983429957,0.0950563543359158,0.15711033192955762,0.1001698983429957
Rel_Y115_lig_min_dist,0.10000374223124427,0.07022143834798004,0.15780320463930794,0.10000374223124427
Rel_W110_chi2_cos,0.09849825675882694,0.1496437865127681,0.16418613438750604,0.09849825675882694
Rel_Y115_chi2_sin,0.09847417067763668,0.07282587393247422,0.16428980006906643,0.09847417067763668
Dif_F398_chi1,-0.09722937374619088,-0.08182718181689126,0.16971421370902728,0.09722937374619088
Rel_intamol,-0.09689108020130154,-0.2415657404877757,0.17121116119079116,0.09689108020130154
Dif_Y115_chi1,-0.09681819940874536,-0.08871865612551405,0.17153493908478343,0.09681819940874536
Y115_chi1_7F,0.0963628424186848,0.08419382970081526,0.17356819946996643,0.0963628424186848
F398_chi1_8Y,-0.09535524197210211,0.030355883592842425,0.17813077356706622,0.09535524197210211
Rel_Y115_chi1_sin,-0.09457939528577962,-0.08871865612551405,0.18170385063782896,0.09457939528577962
Rel_W371_chi1_sin,0.09448362297970353,0.10249729801542072,0.1821485531762536,0.09448362297970353
Rel_F367_shift,0.0941031870164957,0.21960278528297483,0.18392295587887594,0.0941031870164957
Rel_Y374_lig_min_dist,0.09180976504655754,0.05974159763103722,0.1948895350835261,0.09180976504655754
Y115_lig_min_dist_8Y,0.09042552412501872,0.06080170567195822,0.20173484772532774,0.09042552412501872
Dif_Y374_lig_min_dist,0.08999178283555259,0.04683326673667077,0.203915154979425,0.08999178283555259
Rel_F367_chi2_cos,-0.08975959298052993,-0.08392891623832667,0.20508928420560943,0.08975959298052993
Rel_W110_shift,-0.0896575267205324,-0.06597583131938223,0.20560694958825398,0.0896575267205324
Dif_W110_shift,-0.08765691941387489,-0.06554705679794974,0.21594462142681586,0.08765691941387489
Y115_chi2_7F,0.0870597099886912,0.02645021310747019,0.21910134787407987,0.0870597099886912
Y91_chi2_8Y,-0.0856305508198949,-0.10687030545474391,0.22678874901794666,0.0856305508198949
Rel_Y374_chi2_cos,-0.08483027927310101,-0.07836150085745079,0.23117583540627573,0.08483027927310101
Rel_Y115_chi2_cos,-0.08372982812835315,-0.034692294382385226,0.23730570944442672,0.08372982812835315
Y91_chi1_8Y,0.08287660837273662,0.10830981779429297,0.2421362223587469,0.08287660837273662
Rel_F398_chi1_sin,0.0820854358157021,0.06428808609105403,0.24667641894897568,0.0820854358157021
Y115_lig_min_dist_7F,-0.08195381021913417,-0.04020352551562512,0.24743746694508473,0.08195381021913417
Rel_W371_chi2_sin,-0.08189551676238262,-0.11726096041478817,0.24777503548386823,0.08189551676238262
W371_chi1_8Y,0.08140100018202766,0.16099127662337567,0.2506515753582417,0.08140100018202766
W371_chi2_8Y,0.07675208148564788,0.056502278314545996,0.27882603424508495,0.07675208148564788
Rel_affinity,0.07590845695390074,0.11331475628477683,0.2841594291569268,0.07590845695390074
D114_lig_min_dist_8Y,0.07488134084790939,0.04442843308456758,0.2907448012009123,0.07488134084790939
Y91_chi1_7F,0.07448653411195122,-0.18405965187421353,0.2933030054788096,0.07448653411195122
Dif_Y91_chi1,-0.07369411611304051,0.19337699854721513,0.2984826987990755,0.07369411611304051
Y91_shift_8Y,0.06735797660461519,0.09605697215800349,0.34206765740244527,0.06735797660461519
Y374_lig_min_dist_7F,-0.06697148629559303,-0.03288848432670375,0.3448508743344071,0.06697148629559303
Y374_lig_min_dist_8Y,0.066265361541372,0.03767301657275722,0.34997276463182797,0.066265361541372
Dif_affinity,0.06381910540065074,0.09452761874897253,0.36808463728312607,0.06381910540065074
intramol_8Y,-0.06239182511700208,-0.09674189028165583,0.3789147684441579,0.06239182511700208
Y374_chi1_8Y,-0.062252822646081674,-0.029785207213354727,0.3799798114322453,0.062252822646081674
num_clash_atoms_7F,0.06163990034226995,0.05652600470076443,0.38469779119692726,0.06163990034226995
Rel_F398_chi2_cos,-0.061630385294139944,0.00010719363035812005,0.3847713125612915,0.061630385294139944
Rel_Y91_chi2_sin,0.061008541315527014,0.11850440652694237,0.3895946798308628,0.061008541315527014
Y91_lig_min_dist_8Y,0.060494091672344305,0.012212681196663057,0.39361249354232514,0.060494091672344305
F398_chi2_7F,-0.058231585344462586,-0.07117583129137545,0.4115760149203638,0.058231585344462586
F398_shift_8Y,-0.053747553641611205,0.031041473057543217,0.4485715552971246,0.053747553641611205
Y412_chi2_8Y,-0.05130192573825498,-0.052759654437243675,0.4695136641961292,0.05130192573825498
Rel_Y91_chi1_cos,-0.05058459221534079,0.23397981792953823,0.47575645479944906,0.05058459221534079
Rel_F367_chi1_cos,-0.05046241477794395,0.24508659438793645,0.4768242210791201,0.05046241477794395
Dif_Y374_chi2,-0.04858144741282012,-0.10202467957560986,0.4934260954245908,0.04858144741282012
Dif_Y91_chi2,-0.047363833606340666,0.015516462810941942,0.5043346195390285,0.047363833606340666
F367_chi2_7F,-0.04727726085807051,-0.036347552173131466,0.5051149971701459,0.04727726085807051
Dif_F398_chi2_,0.04616747592081677,0.06083127632860873,0.5151743887251133,0.04616747592081677
Rel_Y91_chi2_cos,0.043107314509906194,-0.024510378031196347,0.5434378165807562,0.043107314509906194
Dif_F367_chi2,0.04206807120288059,0.008342621507526791,0.5532074516249638,0.04206807120288059
Rel_W110_chi1_sin,-0.0417669507636462,-0.09798458097236012,0.5560540790813369,0.0417669507636462
Rel_F398_shift_,-0.041435676262023685,-0.12230201810728487,0.5591939372809708,0.041435676262023685
Dif_Y412_lig_min_dist,-0.0404015615967833,0.0001596815459127857,0.5690499773522373,0.0404015615967833
Dif_Y115_chi2,-0.04039015159003199,0.01450810341915935,0.5691591826378201,0.04039015159003199
Dif_W371_chi2,0.038947714554697116,0.04900153513556985,0.5830440966783854,0.038947714554697116
Rel_Y115_shift,0.03757014272456686,0.008111231119236504,0.596449146409951,0.03757014272456686
Y91_shift_7F,0.03717966412530659,-0.11744208068677259,0.6002740472843208,0.03717966412530659
gauss_total_8Y,0.03706797789947885,0.059910150373945155,0.6013700817582969,0.03706797789947885
Dif_Y412_chi2,-0.03706016213475028,-0.02956991738409961,0.6014468154330431,0.03706016213475028
Y374_chi2_8Y,-0.037057626338539165,-0.0012737593292681244,0.6014717123345966,0.037057626338539165
Y412_lig_min_dist_7F,0.03470463314920716,0.030505828667088442,0.6247696038932274,0.03470463314920716
Rel_Y374_chi1_sin,0.03470308115528872,0.12412874542187047,0.6247850977647457,0.03470308115528872
Y115_chi2_8Y,0.03456200438454472,0.020151767469325472,0.6261941826910064,0.03456200438454472
F367_shift_7F,-0.032283098833920235,-0.24771431305897187,0.6491408824021719,0.032283098833920235
Dif_F367_shift,0.03192221854137614,0.22494324587405798,0.6528058900089571,0.03192221854137614
Dif_Y91_shift,-0.03158551370611884,0.13943525657059377,0.6562328960252486,0.03158551370611884
Dif_R132_D131_min_dist,0.031197833247161806,0.01792203572946141,0.660187642632102,0.031197833247161806
Dif_F398_shift_,-0.03119709265652395,-0.12294222282376853,0.660195206499358,0.03119709265652395
Rel_Y374_chi2_sin,0.03119104487553014,-0.02439283467101054,0.6602569755326282,0.03119104487553014
Y374_chi2_7F,0.030979554564921043,0.11111469942997845,0.6624184751180606,0.030979554564921043
Rel_cnn_affinity,-0.02739384622173697,0.025747170745604175,0.6994781129336307,0.02739384622173697
F398_shift_7F,0.026893292110194325,0.11139635993457463,0.7047110072303177,0.026893292110194325
Rel_R132_D131_min_dist,0.026347060966044476,0.01292533402194049,0.7104372777372041,0.026347060966044476
Dif_W110_chi1,-0.026214753497724515,-0.11269529773693748,0.711826746952689,0.026214753497724515
hydrophobic_total_8Y,0.02512622957648168,0.0814715946706688,0.7232939211035172,0.02512622957648168
W110_chi1_8Y,-0.024054406781698897,0.04299178679773209,0.734645738369574,0.024054406781698897
Y91_chi2_7F,-0.020751985242509506,-0.07726963290712348,0.7699756554934893,0.020751985242509506
Rel_W110_chi1_cos,0.020466278633860302,0.10593985626778286,0.7730557765969883,0.020466278633860302
Y412_lig_min_dist_8Y,-0.020313531589555504,0.0759152682860369,0.7747039585945141,0.020313531589555504
W371_chi2_7F,0.01971723999329752,-0.0068252897958317295,0.7811476918241992,0.01971723999329752
Rel_F367_chi2_sin,0.01920230087224385,0.004808188771373882,0.7867243453137893,0.01920230087224385
Rel_Y412_chi1_cos,0.017844467359990457,0.052378287328278685,0.8014807673466081,0.017844467359990457
Rel_Y374_chi1_cos,-0.017692772639535743,-0.16960176195261753,0.8031338068231034,0.017692772639535743
Y412_chi1_8Y,0.01697752404245803,0.039411853547593405,0.8109396399945458,0.01697752404245803
Rel_cnn_SP,0.016029993641238863,0.035122547436650234,0.8213091425131113,0.016029993641238863
Dif_Y412_chi1_,0.01564830184975301,0.052378287328278685,0.825495149021476,0.01564830184975301
Rel_Y412_chi1_sin,0.015164264131921923,0.052378287328278685,0.8308106560493778,0.015164264131921923
Dif_Y374_shift,-0.014952616626597994,0.041810690704580655,0.8331373149092216,0.014952616626597994
F398_chi1_7F,0.014224497055102302,0.047177918138540706,0.8411525572599822,0.014224497055102302
Dif_cnn_SP,0.014201214260813999,0.03045299361943756,0.8414091319716804,0.014201214260813999
Y115_chi1_8Y,-0.01353575727636769,-0.03274234178825596,0.8487493841235603,0.01353575727636769
F367_shift_8Y,-0.012767221071392842,-0.0453199401939061,0.8572428257680879,0.012767221071392842
Dif_Y115_shift,0.012094424318001595,0.009414557811107992,0.8646917323958498,0.012094424318001595
Rel_F367_chi1_sin,-0.011987405571964767,0.2013044420490141,0.8658777148493806,0.011987405571964767
Y115_shift_7F,-0.011936075390402135,-0.007140574314683321,0.8664466628082401,0.011936075390402135
Rel_Y412_chi2_cos,-0.011759880000597925,-0.04582047174639061,0.8684001477733169,0.011759880000597925
Rel_Y412_chi2_sin,0.011723973871319144,0.02069945965536111,0.8687983386079625,0.011723973871319144
F367_chi2_8Y,0.011192505791884529,-0.05837508863776933,0.8746960085363503,0.011192505791884529
Rel_Y412_lig_min_dist,-0.009384588597259786,0.020593005291419254,0.8948082121552129,0.009384588597259786
Y374_shift_7F,0.00916184804048549,-0.04967870317286666,0.8972910101369188,0.00916184804048549
Affinity_7F,-0.008977808518996839,-0.04548160216884424,0.8993431778123802,0.008977808518996839
Rel_F398_chi1_cos,-0.008390387988591265,-0.03687313031036077,0.9058977258601673,0.008390387988591265
Y412_shift_8Y,-0.00789805281422049,-0.038415638072444996,0.9113962170036585,0.00789805281422049
Y412_chi2_7F,-0.006705326531571234,-0.029054301335813652,0.9247337657669227,0.006705326531571234
Y412_chi1_7F,-0.00670261431941507,-0.02289147135947646,0.924764120193947,0.00670261431941507
Dif_Y412_shift,-0.006506594770734548,-0.055950639448441086,0.9269582090084884,0.006506594770734548
F398_chi2_8Y,0.005369132941508177,0.015635559797341925,0.9397004247380621,0.005369132941508177
Rel_Y374_shift,-0.004733463305025485,0.03936076180108542,0.9468282906121358,0.004733463305025485
Rel_Y412_shift,-0.004252966564759897,-0.05469019020871284,0.9522190131452908,0.004252966564759897
Dif_Y374_chi1,-0.003434593401629016,0.09961393179217656,0.9614052570006582,0.003434593401629016
Y374_chi1_7F,0.002926644915521942,-0.10785545099868657,0.9671096179645972,0.002926644915521942
Rel_Y91_shift,0.0026931957121177482,0.14218015277417792,0.9697318761314101,0.0026931957121177482
Y115_shift_8Y,0.0023703239708593817,0.033196832007778516,0.9733591176253489,0.0023703239708593817
Y412_shift_7F,0.002175705941277097,0.03261600831165813,0.975545786005331,0.002175705941277097
W110_chi2_8Y,-0.0011568404103161065,0.011407767577275995,0.986996047511534,0.0011568404103161065
W110_shift_8Y,0.0004451899479882551,-0.005765171277111063,0.994995467320078,0.0004451899479882551
